epoch,Train_loss,Test_loss,Train_f1_score,Train_jaccard_score,Test_f1_score,Test_jaccard_score
1,0.01029646210372448,0.010169846005737782,0.9897634338775951,0.9837381711898198,0.9844016644023738,0.9761899333843603
