epoch,Train_loss,Test_loss,Train_f1_score,Train_jaccard_score,Test_f1_score,Test_jaccard_score
1,0.01029646210372448,0.010169846005737782,0.9897634338775951,0.9837381711898198,0.9844016644023738,0.9761899333843603
2,0.00798877701163292,0.01971733197569847,0.9903748694851523,0.984594434423255,0.9849444695009776,0.9770257256833526
