epoch,Train_loss,Test_loss,Train_f1_score,Train_jaccard_score,Test_f1_score,Test_jaccard_score
1,0.06172961741685867,0.03096023201942444,0.7630237155093965,0.6264676797037828,0.6722227245173072,0.5183077171120866
